ALAMEDA,,
BELMONT,,
BERKELEY,,
BRISBANE,,
BURLINGAME,,
CAMPBELL,,
CONCORD,,
CORTE MADERA,,
CUPERTINO,,
DALY CITY,,
EL CERRITO,,
EMERYVILLE,,
FOSTER CITY,,
FREMONT,,
GILROY,,
HAYWARD,,
LIVERMORE,,
LOS ALTOS,,
LOS GATOS,,
MARTINEZ,,
MENLO PARK,,
MILLBRAE,,
MILPITAS,,
MORGAN HILL,,
MOUNTAIN VIEW,,
NEWARK,,
NOVATO,,
OAKLAND,,
ORINDA,,
PACIFICA,,
PALO ALTO,,
PETALUMA,,
PLEASANT HILL,,
PLEASANTON,,
REDWOOD CITY,,
RICHMOND,,
S. SAN FRANCISCO,,
SAN BRUNO,,
SAN CARLOS,,
SAN FRANCISCO,,
SAN JOSE,,
SAN LEANDRO,,
SAN MATEO,,
SAN RAFAEL,,
SAN RAMON,,
SANTA CLARA,,
SARATOGA,,
SAUSALITO,,
SO. SAN FRANCISCO,,
SOUTH SAN FRANCISCO,,
SUNNYVALE,,
UNION CITY,,
VACAVILLE,,
VALLEJO,,
WALNUT CREEK,,
YOUNTVILLE,,
